{"count":1,"self":513.9134976,"total":5252.2585998999994,"children":{"InitializeActuators":{"count":36,"self":0.0025081,"total":0.0025081,"children":null},"InitializeSensors":{"count":36,"self":0.003568,"total":0.003568,"children":null},"AgentSendState":{"count":364501,"self":22.393931199999997,"total":241.25909159999998,"children":{"CollectObservations":{"count":1312236,"self":0.69713839999999994,"total":0.69713839999999994,"children":null},"WriteActionMask":{"count":1312236,"self":0.94033959999999994,"total":0.94033959999999994,"children":null},"RequestDecision":{"count":1312236,"self":3.2707202,"total":217.2276819,"children":{"AgentInfo.ToProto":{"count":1312236,"self":3.3001916,"total":213.9569617,"children":{"GenerateSensorData":{"count":1312236,"self":209.22087679999998,"total":210.65677,"children":{"RayPerceptionSensor.Perceive":{"count":1312236,"self":1.4358939,"total":1.4358939,"children":null}}}}}}}}},"DecideAction":{"count":364501,"self":4468.117504,"total":4468.1174630999994,"children":null},"AgentAct":{"count":364501,"self":19.2239728,"total":19.2239723,"children":null},"AgentInfo.ToProto":{"count":50858,"self":0.26786129999999997,"total":9.7375136,"children":{"GenerateSensorData":{"count":50858,"self":9.3765463999999987,"total":9.4696523,"children":{"RayPerceptionSensor.Perceive":{"count":50858,"self":0.0931062,"total":0.0931062,"children":null}}}}}},"gauges":{"CubeAgent.CumulativeReward":{"count":50858,"max":7,"min":-118,"runningAverage":-3.18571424,"value":-3,"weightedAverage":-3.00692129}},"metadata":{"timer_format_version":"0.1.0","start_time_seconds":"1714150392","unity_version":"2022.3.11f1","command_line_arguments":"C:\\Program Files\\Unity\\Hub\\Editor\\2022.3.11f1\\Editor\\Unity.exe -projectpath C:\\Users\\robwi\\OneDrive\\Bureaublad\\Rob\\Unity\\jumper-assignment-Byijel -useHub -hubIPC -cloudEnvironment production -licensingIpc LicenseClient-robwi -hubSessionId c7e49026-252d-471c-b93c-232bb586fe5f -accessToken 0-JcZvzAA1rKcPTD6_mWd3SFl3MwsPac6VlAZOIJClg001f","communication_protocol_version":"1.5.0","com.unity.ml-agents_version":"2.0.1","scene_name":"Main","end_time_seconds":"1714155644"}}